Model,MAE_Brut,RMSE_Brut,R2_Brut,MAE_Clean,RMSE_Clean,R2_Clean
Linear Regression,962.1946232008975,1621.8849510262678,0.8320249510805532,962.1946232008975,1621.8849510262678,0.8320249510805532
Decision Tree,598.1508074136087,1204.6537504553776,0.9073321339821894,598.1508074136087,1204.6537504553776,0.9073321339821894
Random Forest,509.5607003682238,1050.5535001627509,0.9295240342113197,509.5607003682238,1050.5535001627509,0.9295240342113197
